run,rsa_time_s,rsa_status,rsa_cpu_pct,rsa_mem_gb,pqc_time_s,pqc_status,pqc_cpu_pct,pqc_mem_gb
1,24,COMPROMETIDA,396.54,1.12,23,RESISTENTE,390.6,1.68
2,23,COMPROMETIDA,380.61,0.76,22,RESISTENTE,414.82,1.41
3,23,COMPROMETIDA,400.86,1.14,24,RESISTENTE,412.41,1.42
4,24,COMPROMETIDA,401.61,1.32,23,RESISTENTE,403.38,1.47
5,23,COMPROMETIDA,402.8,1.34,24,RESISTENTE,393.57,1.7
6,23,COMPROMETIDA,390.11,0.65,23,RESISTENTE,390.82,1.6
7,23,COMPROMETIDA,409.2,0.96,12,RESISTENTE,412.55,1.55
8,24,COMPROMETIDA,378.58,0.86,23,RESISTENTE,387.59,1.69
9,24,COMPROMETIDA,403.14,0.94,23,RESISTENTE,412.59,1.64
10,25,COMPROMETIDA,399.11,1.23,26,RESISTENTE,393.29,1.7
11,26,COMPROMETIDA,410.14,0.98,24,RESISTENTE,411.31,1.67
12,24,COMPROMETIDA,399.4,1.28,23,RESISTENTE,391.97,1.68
13,23,COMPROMETIDA,392.84,1.34,24,RESISTENTE,389.24,1.75
14,24,COMPROMETIDA,399.07,1.45,23,RESISTENTE,390.68,1.56
15,23,COMPROMETIDA,396.66,1.12,23,RESISTENTE,397.71,1.7
16,24,COMPROMETIDA,393.54,1.34,23,RESISTENTE,392.27,1.61
17,26,COMPROMETIDA,398.74,1.54,25,RESISTENTE,393.91,1.4
18,25,COMPROMETIDA,411.44,1.45,24,RESISTENTE,392.71,1.75
19,24,COMPROMETIDA,416.35,1.18,24,RESISTENTE,396.01,1.7
20,23,COMPROMETIDA,411.26,1.22,24,RESISTENTE,388.44,1.68
21,24,COMPROMETIDA,394.35,1.36,24,RESISTENTE,387.51,1.58
22,24,COMPROMETIDA,396.54,1.41,24,RESISTENTE,396.65,1.56
23,23,COMPROMETIDA,400.09,1.19,23,RESISTENTE,388.84,1.82
24,23,COMPROMETIDA,397.24,1.63,23,RESISTENTE,398.56,1.58
25,24,COMPROMETIDA,392.58,1.32,24,RESISTENTE,391.01,1.64
26,23,COMPROMETIDA,389.67,1.39,24,RESISTENTE,390.95,1.79
27,23,COMPROMETIDA,391.49,1.51,23,RESISTENTE,395.36,1.81
28,24,COMPROMETIDA,404.76,1.19,23,RESISTENTE,395.32,1.73
29,24,COMPROMETIDA,402.83,1.02,24,RESISTENTE,397.55,1.57
30,23,COMPROMETIDA,393.34,1.29,23,RESISTENTE,391.53,1.7
31,23,COMPROMETIDA,395.61,1.38,24,RESISTENTE,387.22,1.69
32,26,COMPROMETIDA,394.34,1.61,26,RESISTENTE,391.21,1.46
33,25,COMPROMETIDA,409.79,1.16,26,RESISTENTE,385.75,1.83
34,26,COMPROMETIDA,400.43,1.55,26,RESISTENTE,392.45,1.82
35,42,COMPROMETIDA,404.82,1.1,25,RESISTENTE,394.67,1.68
36,26,COMPROMETIDA,399.04,1.24,25,RESISTENTE,396.68,1.79
37,27,COMPROMETIDA,397.2,1.54,26,RESISTENTE,396.6,1.75
38,27,COMPROMETIDA,389.26,1.6,26,RESISTENTE,391.92,1.79
39,26,COMPROMETIDA,395.19,1.53,26,RESISTENTE,394.82,1.85
40,27,COMPROMETIDA,396.37,1.55,27,RESISTENTE,404.84,1.52
41,26,COMPROMETIDA,391.08,1.48,27,RESISTENTE,413.2,1.26
42,26,COMPROMETIDA,400.12,1.33,27,RESISTENTE,393.61,1.72
43,26,COMPROMETIDA,406.67,1.09,27,RESISTENTE,394.22,1.76
44,26,COMPROMETIDA,408.68,1.21,28,RESISTENTE,397.63,1.5
45,26,COMPROMETIDA,404.95,1.07,26,RESISTENTE,394.0,1.55
46,26,COMPROMETIDA,405.93,0.88,27,RESISTENTE,391.69,1.6
47,27,COMPROMETIDA,391.69,1.16,27,RESISTENTE,400.34,1.45
48,28,COMPROMETIDA,398.52,1.15,27,RESISTENTE,396.95,1.58
49,235,COMPROMETIDA,403.6,1.32,26,RESISTENTE,389.36,1.5
50,27,COMPROMETIDA,249.12,0.13,28,RESISTENTE,395.34,1.59
51,26,COMPROMETIDA,397.27,1.23,27,RESISTENTE,402.62,1.41
52,157,COMPROMETIDA,398.14,1.08,29,RESISTENTE,410.53,1.33
53,36,COMPROMETIDA,437.77,0.25,28,RESISTENTE,409.58,1.28
54,27,COMPROMETIDA,406.36,1.13,26,RESISTENTE,394.28,1.56
55,28,COMPROMETIDA,403.63,0.95,26,RESISTENTE,404.23,1.36
56,26,COMPROMETIDA,397.19,1.41,26,RESISTENTE,400.95,1.31
57,27,COMPROMETIDA,401.06,1.03,27,RESISTENTE,392.04,1.57
58,26,COMPROMETIDA,431.59,0.84,26,RESISTENTE,411.67,1.3
59,26,COMPROMETIDA,405.71,1.18,26,RESISTENTE,400.67,1.52
60,26,COMPROMETIDA,406.81,1.24,26,RESISTENTE,404.1,1.43
61,27,COMPROMETIDA,398.78,1.36,26,RESISTENTE,404.95,1.25
62,27,COMPROMETIDA,407.51,1.13,26,RESISTENTE,407.24,1.41
63,27,COMPROMETIDA,412.56,1.45,26,RESISTENTE,396.96,1.39
64,27,COMPROMETIDA,400.58,1.41,26,RESISTENTE,408.05,1.49
65,29,COMPROMETIDA,419.84,0.96,27,RESISTENTE,402.78,1.42
66,26,COMPROMETIDA,413.74,1.35,27,RESISTENTE,403.02,1.56
67,26,COMPROMETIDA,390.49,1.4,26,RESISTENTE,405.84,1.58
68,26,COMPROMETIDA,393.5,1.32,26,RESISTENTE,418.92,1.46
69,26,COMPROMETIDA,394.52,1.4,26,RESISTENTE,407.72,1.44
70,26,COMPROMETIDA,406.9,1.24,27,RESISTENTE,400.14,1.52
71,26,COMPROMETIDA,395.74,1.39,26,RESISTENTE,397.57,1.43
72,26,COMPROMETIDA,400.74,1.16,27,RESISTENTE,401.3,1.28
73,26,COMPROMETIDA,410.6,1.31,31,RESISTENTE,416.58,1.17
74,32,COMPROMETIDA,395.49,0.88,32,RESISTENTE,392.56,1.25
75,32,COMPROMETIDA,398.1,1.01,32,RESISTENTE,393.15,1.23
76,32,COMPROMETIDA,394.24,1.02,32,RESISTENTE,413.2,1.04
77,31,COMPROMETIDA,406.02,0.79,32,RESISTENTE,391.74,1.2
78,32,COMPROMETIDA,401.75,0.85,32,RESISTENTE,399.1,1.25
79,31,COMPROMETIDA,393.95,0.92,32,RESISTENTE,396.62,1.31
80,32,COMPROMETIDA,393.63,1.08,30,RESISTENTE,393.75,1.1
81,25,COMPROMETIDA,420.23,0.72,24,RESISTENTE,392.78,1.6
82,23,COMPROMETIDA,401.15,1.23,23,RESISTENTE,396.87,1.58
83,24,COMPROMETIDA,395.12,1.21,24,RESISTENTE,398.83,1.55
84,23,COMPROMETIDA,394.47,1.59,24,RESISTENTE,393.09,1.58
85,24,COMPROMETIDA,402.44,1.3,23,RESISTENTE,391.5,1.69
86,25,COMPROMETIDA,398.91,1.02,25,RESISTENTE,387.01,1.46
87,26,COMPROMETIDA,400.28,1.48,27,RESISTENTE,433.39,0.78
88,23,COMPROMETIDA,400.54,1.21,24,RESISTENTE,408.63,1.5
89,23,COMPROMETIDA,402.25,1.2,25,RESISTENTE,391.16,1.57
90,24,COMPROMETIDA,393.23,1.51,24,RESISTENTE,402.64,1.39
91,24,COMPROMETIDA,408.19,0.89,24,RESISTENTE,391.41,1.65
92,24,COMPROMETIDA,401.68,1.05,23,RESISTENTE,388.32,1.65
93,24,COMPROMETIDA,397.63,1.59,23,RESISTENTE,396.38,1.63
94,23,COMPROMETIDA,405.62,1.24,23,RESISTENTE,393.47,1.61
95,23,COMPROMETIDA,402.59,1.22,24,RESISTENTE,411.51,1.68
96,23,COMPROMETIDA,401.03,1.04,23,RESISTENTE,395.24,1.61
97,24,COMPROMETIDA,412.2,1.05,24,RESISTENTE,385.98,1.69
98,24,COMPROMETIDA,404.31,1.52,24,RESISTENTE,397.27,1.75
99,23,COMPROMETIDA,396.82,1.29,24,RESISTENTE,395.75,1.87
100,24,COMPROMETIDA,397.47,1.33,24,RESISTENTE,389.2,1.54
